{
  "list":[
    {
      "id": "1",
      "title": "今日销售金额",
      "price": "23.56 亿元",
      "lastMonth": "15 亿元",
      "buildUp":"8.56亿元",
      "buildUpPercentage": "57%"
    },
    {
      "id": "2",
      "title": "本月销售金额",
      "price": "23.56 亿元",
      "lastMonth": "15 亿元",
      "buildUp":"8.56亿元",
      "buildUpPercentage": "57%"
    },
    {
      "id": "3",
      "title": "本年累计销售金额",
      "price": "23.56 亿元",
      "lastMonth": "15 亿元",
      "buildUp":"8.56亿元s",
      "buildUpPercentage": "57%"
    },
    {
      "id": "4",
      "title": "地市",
      "price": "10个",
      "lastMonth": "0",
      "buildUp":"0",
      "buildUpPercentage": "0"
    },
    {
      "id": "5",
      "title": "投注站",
      "price": "200个",
      "lastMonth": "180 个",
      "buildUp":"20 个",
      "buildUpPercentage": "11% ↑"
    },
    {
      "id": "6",
      "title": "投注机",
      "price": "200个",
      "lastMonth": "180 个",
      "buildUp":"20 个",
      "buildUpPercentage": "11% ↑"
    },
    {
      "id": "7",
      "title": "中奖",
      "price": "200 次",
      "lastMonth": "180 次",
      "buildUp":"20 次",
      "buildUpPercentage": "11% ↑"
    },
    {
      "id": "8",
      "title": "渠道",
      "price": "20 个",
      "lastMonth": "18 次",
      "buildUp":"2 次",
      "buildUpPercentage": "11% ↑"
    }
  ]
}